-341.23891451,-0.28279961
-341.66235535,-0.93812570
-342.08306409,-1.59520664
-342.50106320,-2.25401765
-342.91740166,-2.91387749
-343.33252848,-3.57450064
-343.74685713,-4.23562464
-344.16063867,-4.89709112
-344.57411825,-5.55874644
-344.98757627,-6.22041521
-345.40120002,-6.88198038
-345.81486481,-7.54351992
-346.22820627,-8.20526151
-346.64080878,-8.86746416
-347.05228661,-9.53036628
-347.46228524,-10.19418430
-347.87079428,-10.85892001
-348.27811011,-11.52438754
-348.68463021,-12.19034138
-349.09069994,-12.85656992
-349.49667144,-13.52285834
-349.90269225,-14.18911669
-350.30868818,-14.85539021
-350.71448511,-15.52178495
-351.11995561,-16.18837837
-351.52495887,-16.85525577
-351.92932323,-17.52252080
-352.33284362,-18.19029654
-352.73529189,-18.85871900
-353.13643886,-19.52792331
-353.53604569,-20.19804835
-353.93406247,-20.86911907
-354.33074788,-21.54097760
-354.72659301,-22.21333149
-355.12204507,-22.88591664
-355.51756776,-23.55846024
-355.91347043,-24.23078023
-356.30971069,-24.90290132
-356.70593560,-25.57503146
-357.10182536,-26.24735907
-357.49706875,-26.92006688
-357.89137175,-27.59332635
-358.28455037,-28.26724308
-358.67652799,-28.94185909
-359.06722765,-29.61721604
-359.45655353,-30.29336586
-359.84445544,-30.97033362
-360.23104477,-31.64805174
-360.61663002,-32.32634164
-361.00155046,-33.00500899
-361.38612876,-33.68387026
-361.77067822,-34.36274787
-362.15533203,-35.04156636
-362.53998388,-35.72038596
-362.92445417,-36.39930841
-363.30860233,-37.07841319
-363.69227140,-37.75778876
-364.07531800,-38.43751549
-364.45761613,-39.11766348
-364.83904692,-39.79829826
-365.21948676,-40.47948744
-365.59881101,-41.16129849
-365.97694872,-41.84376830
-366.35392620,-42.52687970
-366.72983769,-43.21057826
-367.10475803,-43.89482083
-367.47876627,-44.57956237
-367.85194941,-45.26475394
-368.22440798,-45.95033963
-368.59625661,-46.63625633
-368.96760741,-47.32244266
-369.33857987,-48.00883361
-369.70925418,-48.69538562
-370.07960796,-49.38211059
-370.44949666,-50.06908618
-370.81878860,-50.75638277
-371.18734650,-51.44407326
-371.55505628,-52.13221762
-371.92189649,-52.82082592
-372.28798085,-53.50983636
-372.65342264,-54.19918780
-373.01833420,-54.88882007
-373.38281928,-55.57867783
-373.74691438,-56.26874150
-374.11053747,-56.95905401
-374.47359136,-57.64966606
-374.83599015,-58.34062209
-375.19763772,-59.03197162
-375.55840121,-59.72378293
-375.91806387,-60.41616719
-376.27638588,-61.10924624
-376.63313479,-61.80313636
-376.98807382,-62.49795406
-377.34097529,-63.19380891
-377.69163341,-63.89079696
-378.03985279,-64.58900665
-378.38543231,-65.28852677
-378.72816796,-65.98944474
-379.06790855,-66.69181921
-379.40466600,-67.39562896
-379.73856341,-68.10079994
-380.06970395,-68.80726969
-380.39820012,-69.51497287
-380.72414530,-70.22385459
-381.04756130,-70.93389373
-381.36840236,-71.64510013
-381.68663046,-72.35747955
-382.00220244,-73.07103955
-382.31508882,-73.78578121
-382.62532428,-74.50167750
-382.93302788,-75.21866563
-383.23831415,-75.93668633
-383.54130764,-76.65567753
-383.84210704,-77.37558946
-384.14065891,-78.09643633
-384.43663366,-78.81834527
-384.72969293,-79.54144277
-385.01948368,-80.26585646
-385.30568183,-80.99169697
-385.58822185,-81.71896917
-385.86767770,-82.44743201
-386.14471441,-83.17681803
-386.41999194,-83.90686979
-386.69416967,-84.63733518
-386.96776816,-85.36801774
-387.24085267,-86.09889252
-387.51336522,-86.82998077
-387.78526240,-87.56129810
-388.05649566,-88.29286194
-388.32700939,-89.02469215
-388.59671174,-89.75682177
-388.86549613,-90.48928890
-389.13325574,-91.22213128
-389.39988152,-91.95538697
-389.66529345,-92.68908284
-389.92959620,-93.42317905
-390.19301112,-94.15759426
-390.45575869,-94.89224849
-390.71806687,-95.62705970
-390.98012025,-96.36196184
-391.24170052,-97.09703251
-391.50221814,-97.83248050
-391.76106753,-98.56851742
-392.01764349,-99.30535008
-392.27134525,-100.04317729
-392.52167553,-100.78215537
-392.76827500,-101.52238690
-393.01079821,-102.26396404
-393.24889046,-103.00697590
-393.48219983,-103.75150319
-393.71059933,-104.49755163
-393.93438175,-105.24499771
-394.15391257,-105.99370343
-394.36955766,-106.74353745
-394.58168249,-107.49437493
-394.79055419,-108.24612375
-394.99615859,-108.99877277
-395.19841130,-109.75232941
-395.39722608,-110.50680040
-395.59252060,-111.26219027
-395.78421996,-112.01850052
-395.97229420,-112.77572039
-396.15672871,-113.53383500
-396.33751006,-114.29282904
-396.51462395,-115.05268727
-396.68805310,-115.81339498
-396.85775464,-116.57494292
-397.02367330,-117.33732400
-397.18575202,-118.10053067
-397.34393398,-118.86455452
-397.49816501,-119.62938570
-397.64844085,-120.39500384
-397.79479082,-121.16138210
-397.93725132,-121.92849287
-398.07585539,-122.69630980
-398.21063660,-123.46480694
-398.34169796,-124.23394722
-398.46920563,-125.00368456
-398.59334193,-125.77397274
-398.71428464,-126.54476869
-398.83222371,-127.31603005
-398.94715998,-128.08774453
-399.05885564,-128.85993479
-399.16699580,-129.63263107
-399.27128108,-130.40585723
-399.37139705,-131.17963413
-399.46716261,-131.95396167
-399.55864052,-132.72880736
-399.64598843,-133.50412945
-399.72935504,-134.27988964
-399.80889188,-135.05605189
-399.88471011,-135.83258612
-399.95680064,-136.60947532
-400.02509924,-137.38670706
-400.08954066,-138.16426813
-400.15006338,-138.94214404
-400.20660692,-139.72031933
-400.25912801,-140.49877648
-400.30759137,-141.27749674
-400.35196869,-142.05646063
-400.39221354,-142.83564889
-400.42832546,-143.61503955
-400.46070073,-144.39459424
-400.49000276,-145.17427044
-400.51695586,-145.95403121
-400.54225652,-146.73384724
-400.56660878,-147.51369345
-400.59045867,-148.29355515
-400.61404123,-149.07342499
-400.63751717,-149.85329804
-400.66107770,-150.63316854
-400.68491208,-151.41303072
-400.70910368,-152.19288191
-400.73362801,-152.97272270
-400.75840868,-153.75255538
-400.78338383,-154.53238186
-400.80850073,-155.31220379
-400.83361199,-156.09202590
-400.85844808,-156.87185682
-400.88266738,-157.65170717
-400.90593693,-158.43158644
-400.92796121,-159.21150193
-400.94824706,-159.99146466
-400.96595509,-160.77149029
-400.98000712,-161.55159063
-400.98937000,-162.33176206
-400.99293151,-163.11198117
-400.98988354,-163.89220313
-400.98019588,-164.67237060
-400.96446131,-165.45243952
-400.94325625,-166.23237839
-400.91715095,-167.01216875
-400.88665786,-167.79179955
-400.85195946,-168.57125459
-400.81294364,-169.35050539
-400.76947023,-170.12952036
-400.72141953,-170.90826636
-400.66866915,-171.68670821
-400.61117778,-172.46481425
-400.54898434,-173.24255860
-400.48214830,-174.01991772
-400.41071631,-174.79686797
-400.33473993,-175.57338698
-400.25433392,-176.34945975
-400.16968876,-177.12508160
-400.08102876,-177.90025471
-399.98856268,-178.67498297
-399.89249076,-179.44927225
-399.79317637,-180.22315218
-399.69122099,-180.99668860
-399.58734879,-181.76996979
-399.48224846,-182.54308493
-399.37666965,-183.31613489
-399.27101703,-184.08917475
-399.16510135,-184.86217861
-399.05829794,-185.63506036
-398.95006776,-186.40774370
-398.83983039,-187.18014327
-398.72712799,-187.95218701
-398.61177759,-188.72383965
-398.49385117,-189.49510278
-398.37339378,-190.26597465
-398.25044837,-191.03645364
-398.12506738,-191.80654001
-397.99731230,-192.57623608
-397.86725985,-193.34554729
-397.73498544,-194.11447955
-397.60056660,-194.88303985
-397.46407494,-195.65123471
-397.32555794,-196.41906696
-397.18502789,-197.18653333
-397.04249501,-197.95363026
-396.89796942,-198.72035424
-396.75146321,-199.48670223
-396.60300823,-200.25267508
-396.45267075,-201.01828068
-396.30052272,-201.78352851
-396.14663584,-202.54842857
-395.99108117,-203.31299118
-395.83389794,-204.07722065
-395.67506073,-204.84110807
-395.51452039,-205.60463938
-395.35223457,-206.36780161
-395.18815987,-207.13058124
-395.02223644,-207.89296089
-394.85436191,-208.65491328
-394.68441306,-209.41640573
-394.51227012,-210.17740520
-394.33780378,-210.93787540
-394.16094660,-211.69779307
-393.98181375,-212.45717758
-393.80066047,-213.21608258
-393.61772314,-213.97455945
-393.43325463,-214.73266536
-393.24745011,-215.49044496
-393.06029455,-216.24789198
-392.87154797,-217.00494415
-392.68098648,-217.76154156
-392.48837253,-218.51761911
-392.29350514,-219.27311895
-392.09635707,-220.02802692
-391.89715508,-220.78239545
-391.69612574,-221.53627903
-391.49350226,-222.28973570
-391.28950004,-223.04282023
-391.08421217,-223.79555530
-390.87748808,-224.54789723
-390.66915618,-225.29979555
-390.45904546,-226.05119876
-390.24698928,-226.80205527
-390.03288313,-227.55232980
-389.81679065,-228.30203466
-389.59880752,-229.05119194
-389.37902657,-229.79982377
-389.15754067,-230.54795294
-388.93441214,-231.29559385
-388.70958950,-232.04272706
-388.48298411,-232.78932153
-388.25451028,-233.53534634
-388.02408139,-234.28076962
-387.79162415,-235.02556284
-387.55713555,-235.76971904
-387.32064768,-236.51324228
-387.08219127,-237.25613653
-386.84179847,-237.99840642
-386.59948673,-238.74005216
-386.35515245,-239.48103400
-386.10860266,-240.22128167
-385.85964510,-240.96072308
-385.60808739,-241.69928404
-385.35374211,-242.43688963
-385.09649223,-243.17348730
-384.83629512,-243.90904905
-384.57311153,-244.64354757
-384.30690328,-245.37695515
-384.03762834,-246.10924268
-383.76493832,-246.84026520
-383.48801683,-247.56969580
-383.20600356,-248.29717323
-382.91805051,-249.02232113
-382.62330313,-249.74473295
-382.32142501,-250.46419533
-382.01323849,-251.18097722
-381.69975178,-251.89545642
-381.38196401,-252.60803279
-381.06086443,-253.31912264
-380.73738305,-254.02913188
-380.41224651,-254.73838460
-380.08613380,-255.44718896
-379.75970835,-256.15584938
-379.43365392,-256.86468054
-379.10849292,-257.57392194
-378.78371572,-258.28333930
-378.45843541,-258.99252604
-378.13173830,-259.70106140
-377.80272233,-260.40852319
-377.47052596,-261.11449708
-377.13496417,-261.81887781
-376.79619745,-262.52172263
-376.45442886,-263.22311260
-376.10984530,-263.92312382
-375.76263798,-264.62183743
-375.41284566,-265.31926044
-375.06039829,-266.01534552
-374.70520738,-266.71003469
-374.34718838,-267.40327061
-373.98626028,-268.09499645
-373.62230560,-268.78513464
-373.25517005,-269.47358602
-372.88469216,-270.16024463
-372.51071623,-270.84500449
-372.13307686,-271.52775075
-371.75168152,-272.20840611
-371.36654120,-272.88694942
-370.97769448,-273.56337553
-370.58517932,-274.23767955
-370.18902949,-274.90985463
-369.78929229,-275.57990254
-369.38604346,-276.24784292
-368.97936891,-276.91370308
-368.56934966,-277.57750883
-368.15607557,-278.23929313
-367.73960398,-278.89906981
-367.31987748,-279.55678069
-366.89679068,-280.21233504
-366.47024169,-280.86564207
-366.04011993,-281.51660237
-365.60634202,-282.16513212
-365.16902522,-282.81128071
-364.72838542,-283.45516774
-364.28465131,-284.09692613
-363.83804686,-284.73669029
-363.38879312,-285.37459680
-362.93698178,-286.01069440
-362.48261959,-286.64497239
-362.02570089,-287.27741130
-361.56622314,-287.90799349
-361.10415714,-288.53668137
-360.63979594,-289.16367590
-360.17369312,-289.78937671
-359.70647838,-290.41424752
-359.23874994,-291.03873388
-358.77118478,-291.66334247
-358.30399252,-292.28823007
-357.83689411,-292.91318780
-357.36940704,-293.53785488
-356.90109391,-294.16190305
-356.43144983,-294.78495005
-355.96025163,-295.40682267
-355.48767582,-296.02764902
-355.01409858,-296.64771172
-354.53985652,-297.26726605
-354.06536057,-297.88662596
-353.59078935,-298.50592820
-353.11585223,-299.12494989
-352.63997976,-299.74325288
-352.16262774,-300.36041464
-351.68319689,-300.97596266
-351.20123811,-301.58953374
-350.71677282,-302.20112747
-350.23014191,-302.81099949
-349.74169225,-303.41941561
-349.25179928,-304.02667026
-348.76077244,-304.63300829
-348.26850751,-305.23834175
-347.77457927,-305.84231878
-347.27851385,-306.44454200
-346.77984065,-307.04460762
-346.27809932,-307.64211052
-345.77310545,-308.23686689
-345.26491576,-308.82889505
-344.75365963,-309.41827700
-344.23945116,-310.00508493
-343.72241086,-310.58939922
-343.20257526,-311.17122810
-342.67989514,-311.75050297
-342.15428298,-312.32711879
-341.62565864,-312.90097446
-341.09394605,-313.47196991
-340.55905869,-314.03999253
-340.02089222,-314.60490936
-339.47933846,-315.16657994
-338.93429908,-315.72486895
-338.38563861,-316.27959957
-337.83335714,-316.83072524
-337.27766616,-317.37841304
-336.71892269,-317.92298602
-336.15746078,-318.46475553
-335.59364935,-319.00407958
-335.02774434,-319.54120633
-334.45977433,-320.07614898
-333.88957114,-320.60871074
-333.31696907,-321.13869260
-332.74179369,-321.66588055
-332.16390637,-322.19009444
-331.58326683,-322.71125826
-330.99993689,-323.22940895
-330.41398833,-323.74459648
-329.82548856,-324.25686782
-329.23450305,-324.76626941
-328.64109322,-325.27284477
-328.04531337,-325.77663060
-327.44721888,-326.27766630
-326.84686024,-326.77598673
-326.24428953,-327.27163002
-325.63959322,-327.76467770
-325.03290085,-328.25526709
-324.42436286,-328.74356525
-323.81411783,-329.22972826
-323.20229506,-329.71390414
-322.58912425,-330.19637151
-321.97500433,-330.67763025
-321.36039444,-331.15826295
-320.74575414,-331.63885675
-320.13158171,-332.12004843
-319.51814868,-332.60218216
-318.90529033,-333.08504638
-318.29257062,-333.56808638
-317.67956106,-334.05075854
-317.06580228,-334.53247782
-316.45098117,-335.01284025
-315.83511704,-335.49186499
-315.21850727,-335.96992934
-314.60144827,-336.44741367
-313.98425774,-336.92472800
-313.36717558,-337.40218238
-312.75022233,-337.87980336
-312.13317444,-338.35730205
-311.51579602,-338.83437334
-310.89783532,-339.31069021
-310.27908527,-339.78598119
-309.65949387,-340.26017492
-309.03923169,-340.73349086
-308.41849689,-341.20618677
-307.79749095,-341.67852640
-307.17639974,-342.15075389
-306.55534806,-342.62303337
-305.93434781,-343.09538047
-305.31337120,-343.56775865
-304.69241644,-344.04016555
-304.07147119,-344.51258495
-303.45034861,-344.98477122
-302.82846756,-345.45595836
-302.20513888,-345.92522903
-301.57965909,-346.39162904
-300.95134302,-346.85420200
-300.31972180,-347.31225091
-299.68491234,-347.76587168
-299.04729010,-348.21552941
-298.40723690,-348.66171981
-297.76511249,-349.10492386
-297.12121703,-349.54555114
-296.47562861,-349.98369394
-295.82828306,-350.41923658
-295.17910598,-350.85204463
-294.52803611,-351.28200020
-293.87500850,-351.70897651
-293.21994593,-352.13282422
-292.56276488,-352.55337982
-291.90338375,-352.97047763
-291.24171449,-353.38393625
-290.57769118,-353.79360312
-289.91137485,-354.19953014
-289.24297132,-354.60201069
-288.57270427,-355.00137991
-287.90079739,-355.39798382
-287.22745456,-355.79214512
-286.55272924,-356.18393485
-285.87643264,-356.57300638
-285.19832836,-356.95891893
-284.51818417,-357.34122530
-283.83578398,-357.71948979
-283.15102312,-358.09346438
-282.46404920,-358.46335754
-281.77507551,-358.82951220
-281.08431246,-359.19227962
-280.39195853,-359.55200140
-279.69816221,-359.90893320
-279.00289947,-360.26300017
-278.30608463,-360.61400278
-277.60762900,-360.96172910
-276.90745305,-361.30597841
-276.20548633,-361.64656132
-275.50171236,-361.98339397
-274.79614084,-362.31644483
-274.08878524,-362.64568958
-273.37965572,-362.97109608
-272.66876793,-363.29264321
-271.95617781,-363.61039989
-271.24196562,-363.92449367
-270.52621499,-364.23506554
-269.80900550,-364.54225326
-269.09041386,-364.84619387
-268.37045694,-365.14688607
-267.64910160,-365.44420794
-266.92630357,-365.73800533
-266.20202482,-366.02813348
-265.47622662,-366.31443899
-264.74892467,-366.59690299
-264.02019679,-366.87566738
-263.29013736,-367.15092551
-262.55883328,-367.42285930
-261.82637399,-367.69166628
-261.09279851,-367.95741174
-260.35806472,-368.21993801
-259.62210349,-368.47900348
-258.88485285,-368.73437686
-258.14625059,-368.98581398
-257.40626527,-369.23315154
-256.66493758,-369.47643588
-255.92233633,-369.71580461
-255.17852779,-369.95139477
-254.43357601,-370.18334464
-253.68753601,-370.41176995
-252.94042748,-370.63667591
-252.19225378,-370.85801264
-251.44301702,-371.07572381
-250.69272140,-371.28975738
-249.94137165,-371.50006064
-249.18897734,-371.70659571
-248.43555081,-371.90933297
-247.68110538,-372.10824509
-246.92565430,-372.30330306
-246.16921128,-372.49447814
-245.41179596,-372.68176401
-244.65343185,-372.86517017
-243.89414362,-373.04471215
-243.13395520,-373.22040366
-242.37288960,-373.39225547
-241.61097772,-373.56031551
-240.84825720,-373.72466658
-240.08476713,-373.88540464
-239.32054421,-374.04262128
-238.55562579,-374.19641846
-237.79003725,-374.34684426
-237.02379104,-374.49388332
-236.25689403,-374.63748951
-235.48935417,-374.77761916
-234.72118114,-374.91423546
-233.95238066,-375.04727546
-233.18295174,-375.17663153
-232.41289058,-375.30216916
-231.64219837,-375.42377369
-230.87087021,-375.54127555
-230.09892497,-375.65465368
-229.32643182,-375.76423509
-228.55348551,-375.87057220
-227.78017384,-375.97421793
-227.00658014,-376.07573716
-226.23277828,-376.17565643
-225.45881794,-376.27434052
-224.68473261,-376.37203927
-223.91055216,-376.46898126
-223.13630770,-376.56541064
-222.36202870,-376.66156220
-221.58773474,-376.75759327
-220.81343798,-376.85360169
-220.03914798,-376.94966467
-219.26487557,-377.04586926
-218.49063182,-377.14230433
-217.71641707,-377.23897189
-216.94222063,-377.33578599
-216.16802956,-377.43264299
-215.39383076,-377.52943824
-214.61960664,-377.62603067
-213.84537295,-377.72254655
-213.07118295,-377.81941211
-212.29710748,-377.91718908
-211.52321650,-378.01641642
-210.74959172,-378.11769842
-209.97628173,-378.22135645
-209.20328784,-378.32734638
-208.43057827,-378.43538897
-207.65811819,-378.54520108
-206.88588130,-378.65657125
-206.11381383,-378.76911021
-205.34181535,-378.88212093
-204.56975091,-378.99468034
-203.79749105,-379.10589259
-203.02489821,-379.21476739
-202.25187260,-379.32052647
-201.47838853,-379.42287949
-200.70448067,-379.52197699
-199.93018389,-379.61798728
-199.15553557,-379.71111945
-198.38056058,-379.80149243
-197.60524801,-379.88892298
-196.82955361,-379.97289923
-196.05343686,-380.05288079
-195.27686191,-380.12828321
-194.49980729,-380.19857382
-193.72229129,-380.26356065
-192.94436695,-380.32346258
-192.16609054,-380.37859881
-191.38751251,-380.42929800
-190.60867734,-380.47587790
-189.82961446,-380.51848188
-189.05033943,-380.55700963
-188.27086503,-380.59127047
-187.49120732,-380.62107069
-186.71138540,-380.64621224
-185.93142466,-380.66659507
-185.15135507,-380.68227054
-184.37120707,-380.69337432
-183.59100861,-380.70004367
-182.81078527,-380.70240758
-182.03056047,-380.70059831
-181.25035557,-380.69474614
-180.47018983,-380.68498253
-179.69008053,-380.67144278
-178.91004343,-380.65424159
-178.13009131,-380.63354479
-177.35023139,-380.60962492
-176.57046441,-380.58284955
-175.79078650,-380.55359700
-175.01119019,-380.52224602
-174.23166559,-380.48916042
-173.45220183,-380.45467247
-172.67278795,-380.41907531
-171.89341271,-380.38264261
-171.11406233,-380.34568183
-170.33472436,-380.30846046
-169.55539329,-380.27109512
-168.77607328,-380.23349953
-167.99677127,-380.19553264
-167.21749395,-380.15706226
-166.43824794,-380.11796278
-165.65904117,-380.07808858
-164.87988331,-380.03726964
-164.10078429,-379.99534239
-163.32175598,-379.95212101
-162.54281093,-379.90742385
-161.76395458,-379.86120753
-160.98517516,-379.81371217
-160.20645377,-379.76527546
-159.42776773,-379.71627377
-158.64909313,-379.66709085
-157.87042088,-379.61787087
-157.09177791,-379.56818871
-156.31321353,-379.51728972
-155.53478410,-379.46436510
-154.75654958,-379.40864474
-153.97857500,-379.34940440
-153.20092287,-379.28607034
-152.42365240,-379.21821077
-151.64682775,-379.14542315
-150.87052986,-379.06721453
-150.09483188,-378.98326878
-149.31974700,-378.89383564
-148.54521879,-378.79970737
-147.77115734,-378.70181716
-146.99746291,-378.60106828
-146.22403375,-378.49830310
-145.45079469,-378.39411807
-144.67771282,-378.28877300
-143.90476930,-378.18241772
-143.13193865,-378.07524534
-142.35919608,-377.96743979
-141.58652973,-377.85908932
-140.81394616,-377.75015014
-140.04145959,-377.64052524
-139.26908429,-377.53011903
-138.49683346,-377.41884553
-137.72471696,-377.30664365
-136.95273497,-377.19352009
-136.18088310,-377.07951210
-135.40915696,-376.96465610
-134.63755288,-376.84898294
-133.86606504,-376.73253713
-133.09468150,-376.61540231
-132.32339069,-376.49765854
-131.55217655,-376.37941368
-130.78102014,-376.26079288
-130.00993044,-376.14173917
-129.23902647,-376.02148719
-128.46850158,-375.89882962
-127.69858112,-375.77243120
-126.92950282,-375.64100097
-126.16150537,-375.50339818
-125.39467505,-375.35943130
-124.62895298,-375.20968252
-123.86421539,-375.05498712
-123.10034592,-374.89606217
-122.33721959,-374.73360536
-121.57479847,-374.56787143
-120.81314553,-374.39864201
-120.05236906,-374.22551436
-119.29256925,-374.04814860
-118.53385223,-373.86620738
-117.77628632,-373.67953041
-117.01987901,-373.48821323
-116.26460515,-373.29246959
-115.51044418,-373.09248143
-114.75737251,-372.88842967
-114.00536525,-372.68048972
-113.25440171,-372.46881162
-112.50445956,-372.25354304
-111.75551815,-372.03481805
-111.00755834,-371.81276021
-110.26050156,-371.58768296
-109.51412218,-371.36037033
-108.76809809,-371.13189451
-108.02209800,-370.90334011
-107.27579331,-370.67578266
-106.52891339,-370.45011970
-105.78142174,-370.22649180
-105.03344287,-370.00449873
-104.28512033,-369.78366737
-103.53657169,-369.56360363
-102.78792416,-369.34387656
-102.03929059,-369.12410196
-101.29077497,-368.90392593
-100.54248020,-368.68300042
-99.79451211,-368.46097131
-99.04697613,-368.23749152
-98.29995856,-368.01228487
-97.55352658,-367.78514477
-96.80774036,-367.55589319
-96.06266636,-367.32433716
-95.31837220,-367.09028661
-94.57489575,-366.85365138
-93.83223889,-366.61445627
-93.09038376,-366.37278622
-92.34931783,-366.12870697
-91.60902309,-365.88229844
-90.86951817,-365.63352961
-90.13087750,-365.38220618
-89.39321323,-365.12803094
-88.65663261,-364.87073184
-87.92125297,-364.61002028
-87.18716107,-364.34570423
-86.45437829,-364.07778023
-85.72287350,-363.80638653
-84.99261877,-363.53164700
-84.26359221,-363.25366509
-83.53574422,-362.97261177
-82.80896052,-362.68881803
-82.08306540,-362.40275919
-81.35788265,-362.11489951
-80.63322293,-361.82572567
-79.90892757,-361.53564059
-79.18498703,-361.24467102
-78.46154054,-360.95247525
-77.73874562,-360.65867116
-77.01675259,-360.36290200
-76.29571478,-360.06481145
-75.57572516,-359.76419803
-74.85681309,-359.46101669
-74.13898345,-359.15528119
-73.42226068,-358.84695995
-72.70666723,-358.53602682
-71.99199020,-358.22299339
-71.27771249,-357.90904982
-70.56320267,-357.59563485
-69.84786174,-357.28412071
-69.13104505,-356.97601717
-68.41256329,-356.67181806
-67.69284832,-356.37054675
-66.97266898,-356.07038899
-66.25270172,-355.76972221
-65.53369758,-355.46675879
-64.81614842,-355.16036621
-64.10007769,-354.85053265
-63.38514915,-354.53807371
-62.67107303,-354.22367204
-61.95751270,-353.90810127
-61.24425107,-353.59185612
-60.53134212,-353.27481674
-59.81909445,-352.95629432
-59.10779835,-352.63565190
-58.39777986,-352.31219049
-57.68929659,-351.98537973
-56.98239026,-351.65517179
-56.27685123,-351.32205377
-55.57243471,-350.98656458
-54.86895632,-350.64912320
-54.16612076,-350.31033382
-53.46361701,-349.97082789
-52.76216209,-349.62946812
-52.06211650,-349.28567088
-51.36347487,-348.93944709
-50.66622755,-348.59081459
-49.97036491,-348.23979122
-49.27587730,-347.88639482
-48.58275508,-347.53064322
-47.89098861,-347.17255426
-47.20056826,-346.81214578
-46.51148439,-346.44943562
-45.82372735,-346.08444160
-45.13728750,-345.71718158
-44.45215521,-345.34767338
-43.76832083,-344.97593485
-43.08577472,-344.60198381
-42.40450725,-344.22583812
-41.72450878,-343.84751560
-41.04576966,-343.46703410
-40.36828026,-343.08441145
-39.69203093,-342.69966548
-39.01701204,-342.31281404
-38.34321394,-341.92387497
-37.67062701,-341.53286609
-36.99924158,-341.13980525
-36.32904803,-340.74471029
-35.66003672,-340.34759904
-34.99219801,-339.94848934
-34.32552225,-339.54739902
-33.65999981,-339.14434593
-32.99562105,-338.73934790
-32.33237632,-338.33242276
-31.67025599,-337.92358837
-31.00925042,-337.51286255
-30.34934997,-337.10026313
-29.69054499,-336.68580797
-29.03282585,-336.26951489
-28.37618292,-335.85140173
-27.72060653,-335.43148634
-27.06608707,-335.00978654
-26.41261489,-334.58632017
-25.76018034,-334.16110508
-25.10877379,-333.73415910
-24.45838561,-333.30550006
-23.80900614,-332.87514581
-23.16062575,-332.44311417
-22.51323480,-332.00942300
-21.86682365,-331.57409012
-21.22138266,-331.13713337
-20.57690219,-330.69857060
-19.93337260,-330.25841963
-19.29078425,-329.81669831
-18.64912750,-329.37342447
-18.00839271,-328.92861595
-17.36857024,-328.48229059
-16.72965046,-328.03446622
-16.09162371,-327.58516068
-15.45448036,-327.13439181
-14.81821078,-326.68217745
-14.18280532,-326.22853543
-13.54825434,-325.77348359
-12.91454820,-325.31703977
-12.28167726,-324.85922181
-11.64963189,-324.40004754
-11.01840243,-323.93953479
-10.38797926,-323.47770142
-9.75835273,-323.01456525
-9.12951321,-322.55014412
-8.50145105,-322.08445588
-7.87415661,-321.61751835
-7.24762025,-321.14934937
-6.62183234,-320.67996678
-5.99678323,-320.20938843
-5.37246328,-319.73763214
-4.74886286,-319.26471575
-4.12597232,-318.79065710
-3.50378203,-318.31547403
-2.88228234,-317.83918438
-2.26146361,-317.36180598
-1.64131621,-316.88335667
-1.02183049,-316.40385428
-0.40299682,-315.92331667
0.21519445,-315.44176165
0.83275295,-314.95920707
1.44968833,-314.47567077
2.06601022,-313.99117058
2.68172826,-313.50572434
3.29685211,-313.01934990
3.91139138,-312.53206507
4.52535573,-312.04388771
5.13875479,-311.55483566
5.75159821,-311.06492673
6.36389562,-310.57417879
6.97565666,-310.08260965
7.58689098,-309.59023717
8.19760820,-309.09707917
8.80781799,-308.60315350
9.41752996,-308.10847799
10.02675377,-307.61307048
10.63549905,-307.11694880
11.24377544,-306.62013080
11.85159259,-306.12263431
12.45896012,-305.62447717
13.06588769,-305.12567721
13.67238493,-304.62625227
14.27846149,-304.12622020
14.88412699,-303.62559882
15.48939108,-303.12440598
16.09426341,-302.62265951
16.69875361,-302.12037725
17.30287132,-301.61757704
17.90662617,-301.11427671
18.51002782,-300.61049410
19.11308590,-300.10624705
19.71581005,-299.60155340
20.31820991,-299.09643098
20.92029512,-298.59089763
21.52207532,-298.08497119
22.12356015,-297.57866949
22.72475925,-297.07201038
23.32568226,-296.56501169
23.92633881,-296.05769125
24.52673856,-295.55006691
25.12689113,-295.04215650
25.72680618,-294.53397786
26.32649333,-294.02554883
26.92596223,-293.51688724
27.52522252,-293.00801093
28.12428384,-292.49893774
28.72315582,-291.98968550
29.32184812,-291.48027206
29.92037036,-290.97071525
30.51873218,-290.46103291
31.11694324,-289.95124287
31.71501316,-289.44136298
32.31295159,-288.93141106
32.91076817,-288.42140497
33.50847253,-287.91136252
34.10607432,-287.40130157
34.70358318,-286.89123995
35.30100874,-286.38119549
35.89836065,-285.87118604
36.49564855,-285.36122942
37.09288207,-284.85134349
37.69007085,-284.34154607
38.28722455,-283.83185501
38.88435278,-283.32228813
39.48146521,-282.81286328
40.07857145,-282.30359830
40.67568117,-281.79451102
41.27280398,-281.28561928
41.86994955,-280.77694092
42.46712749,-280.26849377
43.06434746,-279.76029567
43.66161910,-279.25236446
44.25895204,-278.74471798
44.85635592,-278.23737406
45.45384039,-277.73035054
46.05141508,-277.22366526
46.64908963,-276.71733605
47.24687369,-276.21138076
47.84477689,-275.70581721
48.44280887,-275.20066326
49.04097928,-274.69593673
49.63929775,-274.19165546
50.23777392,-273.68783729
50.83641744,-273.18450006
51.43523793,-272.68166160
52.03424505,-272.17933975
52.63344843,-271.67755235
53.23285771,-271.17631724
53.83248254,-270.67565225
54.43233254,-270.17557522
55.03241737,-269.67610398
55.63274665,-269.17725639
56.23331963,-268.67902452
56.83405085,-268.18119127
57.43481394,-267.68343838
58.03552869,-267.18556378
58.63621593,-266.68761979
59.23690783,-266.18968726
59.83761212,-265.69178568
60.43831988,-265.19389277
61.03902438,-264.69599164
61.63972656,-264.19808473
62.24042878,-263.70017797
62.84113185,-263.20227345
63.44183511,-262.70436959
64.04253800,-262.20646501
64.64324050,-261.70855971
65.24394277,-261.21065413
65.84464489,-260.71274844
66.44534677,-260.21484251
67.04604835,-259.71693621
67.64674963,-259.21902952
68.24745060,-258.72112245
68.84815128,-258.22321504
69.44885163,-257.72530723
70.04955164,-257.22739901
70.65025130,-256.72949038
71.25095063,-256.23158134
71.85164963,-255.73367191
72.45234830,-255.23576207
73.05304663,-254.73785183
73.65374464,-254.23994120
74.25444235,-253.74203020
74.85513978,-253.24411887
75.45583694,-252.74620721
76.05653383,-252.24829523
76.65723047,-251.75038295
77.25792691,-251.25247042
77.85862319,-250.75455770
78.45931934,-250.25664483
79.06001541,-249.75873186
79.66071142,-249.26081882
80.26140739,-248.76290573
80.86210333,-248.26499260
81.46279931,-247.76707951
82.06349540,-247.26916657
82.66419168,-246.77125385
83.26488820,-246.27334142
83.86558501,-245.77542934
84.46628215,-245.27751767
85.06697968,-244.77960646
85.66767758,-244.28169569
86.26837565,-243.78378513
86.86907365,-243.28587449
87.46977126,-242.78796338
88.07046808,-242.29005132
88.67116376,-241.79213787
89.27185812,-241.29422283
89.87255102,-240.79630605
90.47324239,-240.29838741
91.07393217,-239.80046684
91.67462031,-239.30254430
92.27530681,-238.80461979
92.87599172,-238.30669335
93.47667501,-237.80876496
94.07735662,-237.31083456
94.67803651,-236.81290206
95.27871464,-236.31496745
95.87939106,-235.81703077
96.48006576,-235.31909202
97.08073880,-234.82115127
97.68141021,-234.32320854
98.28207994,-233.82526380
98.88274795,-233.32731698
99.48341421,-232.82936804
100.08407885,-232.33141715
100.68474204,-231.83346452
101.28540403,-231.33551044
101.88606513,-230.83755529
102.48672567,-230.33959945
103.08738591,-229.84164326
103.68804612,-229.34368702
104.28870645,-228.84573094
104.88936698,-228.34777509
105.49002771,-227.84981949
106.09068861,-227.35186409
106.69134957,-226.85390877
107.29201055,-226.35595346
107.89267154,-225.85799818
108.49333259,-225.36004296
109.09399368,-224.86208779
109.69465484,-224.36413270
110.29531605,-223.86617768
110.89597730,-223.36822271
111.49663859,-222.87026778
112.09729990,-222.37231287
112.69796121,-221.87435798
113.29862253,-221.37640308
113.89928385,-220.87844819
114.49994520,-220.38049333
115.10060657,-219.88253850
115.70126796,-219.38458369
116.30192935,-218.88662889
116.90259078,-218.38867413
117.50325228,-217.89071945
118.10391385,-217.39276486
118.70457551,-216.89481038
119.30523725,-216.39685600
119.90589907,-215.89890170
120.50656093,-215.40094748
121.10722284,-214.90299330
121.70788480,-214.40503917
122.30854682,-213.90708512
122.90920889,-213.40913114
123.50987099,-212.91117719
124.11053311,-212.41322326
124.71119524,-211.91526935
125.31185740,-211.41731547
125.91251959,-210.91936162
126.51318179,-210.42140780
127.11384401,-209.92345400
127.71450625,-209.42550021
128.31516848,-208.92754642
128.91583071,-208.42959262
129.51649294,-207.93163882
130.11715517,-207.43368503
130.71781739,-206.93573123
131.31847960,-206.43777741
131.91914179,-205.93982357
132.51980397,-205.44186971
133.12046613,-204.94391583
133.72112827,-204.44596194
134.32179041,-203.94800803
134.92245253,-203.45005411
135.52311464,-202.95210016
136.12377670,-202.45414617
136.72443872,-201.95619213
137.32510073,-201.45823806
137.92576271,-200.96028396
138.52642467,-200.46232984
139.12708660,-199.96437568
139.72774849,-199.46642149
140.32841035,-198.96846725
140.92907219,-198.47051298
141.52973401,-197.97255869
142.13039581,-197.47460438
142.73105759,-196.97665004
143.33171934,-196.47869568
143.93238107,-195.98074127
144.53304276,-195.48278683
145.13370443,-194.98483236
145.73436609,-194.48687788
146.33502775,-193.98892340
146.93568945,-193.49096896
147.53635117,-192.99301456
148.13701292,-192.49506018
148.73767467,-191.99710581
149.33833645,-191.49915147
149.93899825,-191.00119716
150.53966007,-190.50324287
151.14032190,-190.00528860
151.74098373,-189.50733432
152.34164557,-189.00938005
152.94230745,-188.51142585
153.54296940,-188.01347171
154.14363137,-187.51551760
154.74429336,-187.01756352
155.34495537,-186.51960946
155.94561742,-186.02165544
156.54627952,-185.52370150
157.14694169,-185.02574763
157.74760393,-184.52779385
158.34826624,-184.02984015
158.94892861,-183.53188653
159.54959106,-183.03393300
160.15025360,-182.53597958
160.75091625,-182.03802629
161.35157903,-181.54007316
161.95224193,-181.04212017
162.55290496,-180.54416735
163.15356815,-180.04621471
163.75423150,-179.54826227
164.35489504,-179.05031005
164.95555876,-178.55235807
165.55622269,-178.05440632
166.15688683,-177.55645482
166.75755118,-177.05850359
167.35821579,-176.56055267
167.95888073,-176.06260214
168.55954606,-175.56465209
169.16021179,-175.06670252
169.76087789,-174.56875339
170.36154428,-174.07080461
170.96221080,-173.57285599
171.56287732,-173.07490738
172.16354429,-172.57695930
172.76421252,-172.07901275
173.36488254,-171.58106835
173.96555378,-171.08312543
174.56622546,-170.58518303
175.16689611,-170.08723939
175.76756363,-169.58929198
176.36822585,-169.09133817
176.96888043,-168.59337516
177.56952501,-168.09540007
178.17015781,-167.59741077
178.77077785,-167.09940610
179.37138437,-166.60138511
179.97197739,-166.10334784
180.57255732,-165.60529479
181.17312583,-165.10722796
181.77368693,-164.60915221
182.37424475,-164.11107249
182.97480155,-163.61299155
183.57535852,-163.11491082
184.17591617,-162.61683089
184.77647318,-162.11875021
185.37702792,-161.62066679
185.97757813,-161.12257789
186.57812100,-160.62448016
187.17865404,-160.12637057
187.77917591,-159.62824751
188.37968559,-159.13010976
188.98018272,-158.63195688
189.58066774,-158.13378940
190.18114125,-157.63560805
190.78160465,-157.13741452
191.38205965,-156.63921085
191.98250775,-156.14099887
192.58295023,-155.64278012
193.18338832,-155.14455608
193.78382296,-154.64632788
194.38425498,-154.14809653
194.98468487,-153.64986261
195.58511235,-153.15162577
196.18553706,-152.65338560
196.78595889,-152.15514197
197.38637792,-151.65689496
197.98679427,-151.15864472
198.58720824,-150.66039161
199.18762012,-150.16213599
199.78803015,-149.66387813
200.38843841,-149.16561814
200.98884503,-148.66735617
201.58925011,-148.16909235
202.18965378,-147.67082684
202.79005619,-147.17255979
203.39045747,-146.67429140
203.99085783,-146.17602189
204.59125763,-145.67775170
205.19165728,-145.17948134
205.79205708,-144.68121116
206.39245705,-144.18294118
206.99285713,-143.68467133
207.59325699,-143.18640122
208.19365613,-142.68813025
208.79405418,-142.18985795
209.39445101,-141.69158420
209.99484658,-141.19330891
210.59524077,-140.69503197
211.19563347,-140.19675322
211.79602453,-139.69847252
212.39641383,-139.20018968
212.99680120,-138.70190452
213.59718652,-138.20361688
214.19756962,-137.70532659
214.79795040,-137.20703348
215.39832872,-136.70873742
215.99870446,-136.21043825
216.59907751,-135.71213583
217.19944775,-135.21383003
217.79981504,-134.71552067
218.40017926,-134.21720762
219.00054029,-133.71889072
219.60089801,-133.22056985
220.20125235,-132.72224489
220.80160321,-132.22391574
221.40195051,-131.72558230
222.00229418,-131.22724449
222.60263414,-130.72890221
223.20297032,-130.23055538
223.80330267,-129.73220393
224.40363115,-129.23384782
225.00395578,-128.73548708
225.60427658,-128.23712171
226.20459358,-127.73875178
226.80490686,-127.24037736
227.40521643,-126.74199847
228.00552227,-126.24361509
228.60582439,-125.74522722
229.20612295,-125.24683508
229.80641818,-124.74843892
230.40671043,-124.25003917
231.00700027,-123.75163652
231.60728818,-123.25323154
232.20757355,-122.75482351
232.80785516,-122.25641095
233.40813248,-121.75799321
234.00840666,-121.25957171
234.60867932,-120.76114836
235.20895465,-120.26272823
235.80923886,-119.76431880
236.40953313,-119.26592147
237.00982042,-118.76751576
237.61008044,-118.26907720
238.21031346,-117.77060612
238.81054174,-117.27212932
239.41079156,-116.77367846
240.01110467,-116.27530383
240.61152604,-115.77705964
241.21200915,-115.27888984
241.81237226,-114.78057546
242.41242393,-114.28188592
243.01198169,-113.78260263
243.61086731,-113.28251252
244.20890742,-112.78141062
244.80593879,-112.27910852
245.40182865,-111.77545422
245.99678499,-111.27069635
246.59123612,-110.76534255
247.18554238,-110.25981945
247.77985374,-109.75430313
248.37427628,-109.24891755
248.96881182,-108.74366455
249.56336883,-108.23843668
250.15787235,-107.73314596
250.75233164,-107.22780328
251.34677795,-106.72244533
251.94122922,-106.21709320
252.53568699,-105.71174871
253.13015122,-105.20641181
253.72461828,-104.70107824
254.31908322,-104.19574218
254.91354342,-103.69040056
255.50800031,-103.18505503
256.10245559,-102.67970761
256.69690998,-102.17435915
257.29136371,-101.66900989
257.88581683,-101.16365993
258.48026909,-100.65830896
259.07472020,-100.15295664
259.66917011,-99.64760291
260.26361895,-99.14224791
260.85806684,-98.63689179
261.45251390,-98.13153471
262.04696026,-97.62617679
262.64140602,-97.12081816
263.23585128,-96.61545896
263.83029616,-96.11009931
264.42474083,-95.60473941
265.01918547,-95.09937947
265.61363018,-94.59401962
266.20807498,-94.08865987
266.80251985,-93.58330021
267.39696467,-93.07794047
267.99140925,-92.57258047
268.58585348,-92.06722006
269.18029734,-91.56185920
269.77474081,-91.05649789
270.36918387,-90.55113609
270.96362646,-90.04577375
271.55806855,-89.54041081
272.15251005,-89.03504717
272.74695086,-88.52968275
273.34139101,-88.02431753
273.93583057,-87.51895161
274.53026953,-87.01358495
275.12470750,-86.50821715
275.71914399,-86.00284776
276.31357956,-85.49747731
276.90801602,-84.99210759
277.50245428,-84.48673949
278.09688934,-83.98136806
278.69131419,-83.47598638
279.28573364,-82.97059916
279.88017227,-82.46523069
280.47464801,-81.95989867
281.06910290,-81.45454598
281.66343972,-80.94907671
282.25768661,-80.44351864
282.85216714,-79.93819085
283.44717841,-79.43338629
284.04206387,-78.92845710
284.63547003,-78.42206784
285.22630305,-77.91313933
285.81439633,-77.40150747
286.39977807,-76.88720049
286.98247650,-76.37024656
287.56251985,-75.85067390
288.13993631,-75.32851070
288.71475412,-74.80378517
289.28700150,-74.27652549
289.85670665,-73.74675988
290.42389781,-73.21451652
290.98860318,-72.67982363
291.55085098,-72.14270939
292.11066944,-71.60320201
292.66808678,-71.06132969
293.22313120,-70.51712062
293.77583093,-69.97060301
294.32621419,-69.42180506
294.87430920,-68.87075496
295.42014417,-68.31748091
295.96374732,-67.76201112
296.50514688,-67.20437378
297.04437105,-66.64459709
297.58144806,-66.08270925
298.11640612,-65.51873846
298.64927346,-64.95271293
299.18007829,-64.38466084
299.70884883,-63.81461040
300.23561330,-63.24258981
300.76039992,-62.66862726
301.28323690,-62.09275097
301.80415247,-61.51498912
302.32317484,-60.93536991
302.84033223,-60.35392155
303.35565286,-59.77067223
303.86916495,-59.18565016
304.38089671,-58.59888353
304.89087636,-58.01040054
305.39913213,-57.42022939
305.90569223,-56.82839829
306.41058487,-56.23493542
306.91383829,-55.63986899
307.41548069,-55.04322721
307.91554029,-54.44503826
308.41404531,-53.84533034
308.91102398,-53.24413167
309.40650450,-52.64147043
309.90051510,-52.03737482
310.39308400,-51.43187305
310.88423941,-50.82499332
311.37400955,-50.21676382
311.86242264,-49.60721275
312.34950690,-48.99636831
312.83529055,-48.38425871
313.31980180,-47.77091213
313.80306888,-47.15635679
314.28512000,-46.54062088
314.76598338,-45.92373259
315.24568724,-45.30572013
315.72425979,-44.68661170
316.20172926,-44.06643550
316.67812386,-43.44521973
317.15347182,-42.82299257
317.62780134,-42.19978225
318.10114066,-41.57561695
318.57351798,-40.95052487
319.04496152,-40.32453422
319.51549951,-39.69767318
319.98516016,-39.06996997
320.45397169,-38.44145278
320.92196232,-37.81214982
321.38916027,-37.18208927
321.85559375,-36.55129934
322.32129098,-35.91980822
322.78628019,-35.28764413
323.25058959,-34.65483525
323.71424739,-34.02140979
324.17728182,-33.38739595
324.63972110,-32.75282192
325.10159344,-32.11771590
325.56292706,-31.48210610
326.02375018,-30.84602071
326.48409102,-30.20948794
326.94397779,-29.57253597
327.40343873,-28.93519302
327.86250203,-28.29748728
328.32119593,-27.65944695
328.77954863,-27.02110022
329.23758836,-26.38247531
329.69534335,-25.74360040
330.15284179,-25.10450370
330.61011192,-24.46521341
331.06718195,-23.82575773
331.52408010,-23.18616484
331.98083459,-22.54646297
332.43747363,-21.90668029
332.89402545,-21.26684502
333.35051826,-20.62698536
333.80698029,-19.98712949
334.26343974,-19.34730563
334.71992484,-18.70754197
335.17646381,-18.06786670
335.63308486,-17.42830804
336.08981622,-16.78889417
336.54668610,-16.14965331
337.00372271,-15.51061364
337.46095429,-14.87180337
337.91840904,-14.23325069
338.37611518,-13.59498381
338.83410094,-12.95703092
339.29239453,-12.31942023
339.75102417,-11.68217993
340.21001808,-11.04533822
340.66940448,-10.40892331
341.12921157,-9.77296339
341.58946760,-9.13748666
342.05020076,-8.50252131
342.51143928,-7.86809556
342.97321138,-7.23423760
343.43554528,-6.60097562
343.89846919,-5.96833784
344.36201133,-5.33635244
344.82619993,-4.70504762
345.29106319,-4.07445159
345.75662934,-3.44459255
346.22292660,-2.81549869
346.68998318,-2.18719821
347.15782731,-1.55971932
347.62648720,-0.93309021
348.09599106,-0.30733908
348.56636713,0.31750587
349.03764361,0.94141644
349.50984872,1.56436442
349.98301069,2.18632163
350.45715773,2.80725987
350.93231805,3.42715092
351.40851989,4.04596659
351.88579145,4.66367869
352.36416029,5.28025966
352.84327973,5.89604277
353.32200581,6.51213006
353.80024173,7.12861253
354.27797855,7.74547407
354.75494608,8.36293307
355.23096431,8.98112389
355.70585678,9.60017986
356.17929111,10.22035193
356.65077465,10.84200832
357.11974688,11.46556165
357.58566924,12.09139767
358.04791312,12.71995518
358.50618875,13.35141206
358.96065344,13.98561718
359.41170447,14.62225436
359.85971211,15.26103658
360.30509658,15.90165070
360.74812981,16.54389291
361.18881471,17.18774877
361.62698625,17.83331776
362.06247818,18.48069747
362.49512571,19.12998158
362.92477015,19.78125684
363.35127256,20.43459411
363.77450838,21.09005226
364.19435477,21.74768667
364.61068381,22.40755345
365.02337100,23.06970403
365.43231186,23.73417490
365.83741614,24.40099176
366.23859958,25.07017493
366.63577061,25.74174728
367.02884011,26.41572851
367.41777049,27.09210671
367.80256814,27.77084455
368.18325791,28.45189492
368.55985825,29.13521508
368.93238279,29.82076572
369.30091120,30.50847277
369.66557473,31.19823687
370.02655336,31.88993660
370.38401947,32.58345800
370.73807379,33.27872713
371.08921278,33.97547303
371.43843189,34.67318314
371.78697776,35.37122959
372.13606744,36.06900440
372.48705378,36.76582727
372.84077408,37.46126616
373.19730833,38.15526696
373.55621555,38.84804325
373.91706198,39.53981134
374.27940281,40.23079787
374.64288912,40.92118246
375.00734578,41.61105527
375.37275328,42.30042493
375.73910838,42.98929145
376.10638183,43.67766880
376.47457698,44.36555359
376.84379224,45.05289141
377.21422041,45.73957632
377.58604019,46.42550881
377.95948588,47.11055738
378.33471539,47.79463058
378.71158087,48.47780377
379.08958050,49.16035006
379.46812924,49.84259193
379.84666053,50.52484347
380.22461431,51.20741513
380.60137723,51.89064498
380.97626724,52.57490437
381.34860123,53.26055819
381.71766396,53.94797842
382.08272742,54.63753128
382.44330629,55.32943966
382.79928768,56.02372480
383.15073246,56.72031724
383.49770433,57.41914837
383.84024436,58.12016242
384.17841688,58.82329374
384.51231442,59.52846515
384.84204108,60.23559636
385.16770414,60.94460813
385.48942460,61.65541753
385.80727658,62.36796525
386.12123422,63.08223736
386.43119417,63.79825340
386.73704545,64.51603416
387.03866971,65.23560143
387.33597787,65.95696269
387.62895754,66.68009284
387.91767520,67.40493510
388.20220769,68.13143039
388.48263800,68.85951895
388.75903110,69.58914967
389.03139510,70.32029393
389.29966243,71.05295128
389.56375141,71.78712510
389.82357598,72.52281892
390.07905994,73.26003135
390.33016526,73.99874669
390.57691988,74.73892665
390.81936720,75.48052862
391.05755652,76.22350911
391.29153065,76.96782776
391.52129424,77.71345693
391.74676861,78.46039434
391.96785213,79.20864319
392.18443001,79.95820861
392.39639060,80.70909280
392.60369736,81.46127505
392.80650591,82.21468259
393.00506019,82.96922237
393.19962285,83.72480119
393.39045139,84.48133160
393.57774852,85.23874407
393.76153461,85.99701610
393.94171278,86.75615355
394.11816400,87.51616596
394.29078460,88.27705761
394.45947413,89.03883042
394.62415241,89.80148044
394.78476928,90.56499617
394.94128311,91.32936354
395.09361017,92.09457635
395.24174416,92.86061161
395.38604659,93.62737805
395.52727342,94.39471661
395.66629717,95.16245721
395.80397236,95.93044075
395.94112274,96.69851815
396.07838068,97.46657632
396.21608328,98.23455490
396.35445560,99.00241312
396.49376916,99.77010115
396.63428425,100.53757013
396.77605678,101.30480786
396.91877693,102.07186984
397.06198645,102.83884059
397.20522244,103.60580641
397.34804291,104.37284970
397.49011374,105.14003222
397.63142879,105.90735430
397.77213683,106.67478792
397.91239902,107.44230315
398.05235419,108.20987441
398.19212890,108.97747856
398.33175250,109.74511021
398.47118898,110.51277587
398.61040147,111.28048218
398.74937720,112.04823138
398.88801754,112.81604123
399.02574616,113.58401528
399.16165834,114.35231287
399.29475061,115.12110420
399.42405045,115.89054293
399.54862919,116.66075987
399.66825402,117.43176197
399.78331129,118.20345887
399.89441146,118.97573510
400.00207600,119.74849758
400.10684363,120.52165825
400.20894694,121.29517515
400.30825892,122.06905541
400.40449996,122.84332365
400.49743393,123.61799592
400.58681303,124.39308626
400.67253202,125.16859003
400.75471236,125.94447670
400.83358796,126.72070625
400.90937398,127.49724342
400.98229738,128.27405472
401.05245515,129.05112060
401.11966176,129.82844738
401.18356731,130.60605254
401.24383328,131.38394843
401.30011361,132.16214274
401.35215613,132.94063211
401.40003016,133.71938879
401.44401655,134.49837475
401.48440576,135.27755534
401.52147985,136.05690071
401.55548562,136.83638591
401.58641092,137.61599950
401.61405221,138.39573636
401.63817709,139.17559012
401.65855842,139.95555068
401.67499343,140.73560435
401.68774778,141.51572672
401.69749100,142.29589252
401.70501342,143.07608269
401.71105442,143.85628563
401.71638125,144.63649379
401.72140228,145.41670394
401.72616109,146.19691574
401.73054129,146.97712976
401.73448089,147.75734613
401.73790904,148.53756492
401.74071357,149.31778621
401.74273314,150.09800993
401.74377715,150.87823558
401.74366445,151.65846195
401.74219661,152.43868694
401.73925787,153.21890778
401.73486278,153.99912179
401.72911542,154.77932699
401.72211206,155.55952192
401.71392906,156.33970535
401.70471312,157.11987727
401.69476252,157.90004013
401.68450477,158.68019899
401.67430739,159.46035875
401.66469925,160.24052576
401.65580464,161.02070146
401.64646313,161.80087202
401.63431258,162.58100409
401.61700123,163.36104078
401.59203921,164.14086919
401.55723443,164.92032292
401.51228787,165.69925547
401.45885007,166.47765255
401.39890012,167.25557307
401.33431984,168.03312280
401.26699686,168.81043927
401.19805203,169.58761353
401.12777907,170.36466878
401.05619716,171.14160458
400.98340677,171.91842806
400.90950527,172.69514662
400.83444461,173.47175407
400.75799144,174.24822564
400.67983529,175.02452771
400.59968050,175.80062602
400.51719226,176.57647980
400.43224419,177.35206805
400.34501853,178.12740353
400.25588388,178.90252176
400.16517997,179.67745786
400.07329320,180.45225461
399.98044500,181.22693673
399.88656512,182.00149448
399.79135174,182.77588949
399.69451411,183.55008311
399.59575872,184.32403447
399.49481186,185.09770306
399.39144800,185.87105250
399.28549044,186.64405088
399.17675652,187.41666363
399.06508353,188.18885711
398.95027217,188.96059024
398.83200931,189.73180210
398.70985087,190.50240666
398.58333422,191.27230783
398.45200889,192.04140347
398.31542069,192.80958209
398.17307667,193.57671533
398.02442447,194.34265135
397.86892701,195.10722748
397.70600970,195.87025705
397.53511895,196.63154105
397.35601752,197.39093498
397.16894300,198.14840437
396.97429210,198.90396193
396.77245374,199.65763112
396.56380475,200.40944305
396.34866144,201.15942231
396.12722505,201.90756750
395.89964124,202.65386564
395.66605495,203.39830678
395.42660902,204.14088385
395.18147018,204.88160097
394.93085422,205.62048290
394.67501114,206.35757109
394.41419149,207.09291292
394.14863556,207.82655753
393.87859852,208.55856450
393.60437538,209.28901356
393.32629101,210.01800123
393.04466628,210.74562837
392.75984528,211.47201027
392.47211548,212.19724488
392.18161084,212.92137235
391.88829591,213.64436610
391.59210697,214.36618723
391.29298584,215.08679822
390.99088433,215.80616483
390.68577795,216.52426215
390.37768247,217.24108209
390.06662313,217.95662087
389.75262195,218.67087356
389.43570151,219.38383575
389.11589117,220.09550630
388.79322650,220.80588725
388.46775779,221.51498792
388.13951542,222.22280889
387.80853564,222.92935398
387.47497054,223.63468208
387.13921860,224.33897180
386.80176113,225.04244582
386.46310913,225.74534553
386.12376648,226.44791202
385.78407055,227.15030776
385.44391941,227.85248319
385.10298035,228.55427640
384.76087486,229.25550178
384.41724360,229.95598083
384.07182199,230.65557865
383.72467672,231.35432287
383.37610297,232.05235549
383.02644778,232.74984700
382.67605307,233.44696726
382.32518265,234.14384822
381.97378161,234.84046177
381.62150402,235.53663248
381.26792578,236.23214357
380.91262440,236.92677612
380.55524350,237.62034090
380.19573735,238.31280663
379.83443681,239.00433767
379.47179683,239.69516718
379.10825635,240.38552321
378.74421982,241.07561779
378.37991338,241.76556990
378.01526566,242.45534171
377.65009187,243.14483516
377.28420549,243.83395076
376.91744514,244.52260159
376.54978159,245.21077066
376.18148103,245.89859898
375.81294100,246.58629903
375.44457600,247.27409285
375.07677717,247.96218960
374.70981999,248.65073558
374.34362689,249.33968821
373.97791940,250.02889874
373.61239357,250.71820561
373.24677979,251.40746584
372.88081736,252.09654102
372.51435435,252.78535012
372.14731066,253.47384998
371.77962206,254.16200565
371.41121138,254.84977501
371.04200346,255.53711675
370.67189715,256.22397516
370.30077508,256.91028528
369.92851263,257.59597753
369.55497911,258.28097823
369.18006421,258.96522380
368.80382434,259.64874174
368.42647396,260.33164719
368.04829894,261.01409629
367.66958880,261.69624858
367.29059885,262.37824542
366.91110209,263.05996052
366.53025182,263.74092038
366.14686486,264.42045566
365.75984189,265.09792750
365.36809772,265.77267997
364.97089773,266.44423602
364.56811501,267.11245856
364.15999678,267.77743586
363.74673689,268.43922958
363.32851785,269.09790108
362.90532581,269.75338825
362.47665360,270.40530556
362.04166093,271.05302296
361.59951739,271.69588169
361.14942255,272.33319816
360.69083154,272.96443000
360.22402701,273.58961062
359.74995149,274.20929614
359.26958313,274.82411485
358.78379208,275.43465772
358.29343584,276.04153938
357.79910784,276.64519016
357.30116972,277.24586621
356.79993317,277.84379262
356.29575423,278.43923984
355.78893911,279.03244480
355.27955243,279.62344323
354.76740559,280.21205117
354.25221141,280.79799406
353.73371610,281.38101812
353.21167329,281.96086737
352.68642240,282.53781208
352.15902446,283.11279475
351.63091918,283.68712723
351.10341640,284.26201372
350.57789923,284.83871551
350.05491235,285.41771294
349.53370041,285.99830887
349.01259232,286.57899759
348.49015754,287.15849388
347.96488757,287.73542145
347.43574208,288.30879674
346.90260112,288.87845933
346.36610693,289.44496458
345.82676049,290.00875434
345.28507031,290.57029290
344.74146035,291.12997284
344.19606758,291.68791566
343.64875684,292.24397718
343.09941202,292.79802943
342.54792461,293.34994898
341.99419922,293.89962330
341.43823257,294.44703052
340.88012280,294.99225259
340.31997208,295.53537750
339.75787751,296.07649044
339.19392905,296.61567093
338.62814908,297.15292930
338.06047115,297.68818181
337.49081284,298.22132625
336.91910047,298.75226745
336.34525982,299.28090774
335.76926630,299.80720143
335.19116849,300.33118288
334.61104078,300.85291596
334.02894614,301.37245362
333.44495049,301.88985347
332.85912400,302.40517939
332.27154620,302.91850755
331.68230045,303.42992017
331.09146843,303.93949932
330.49913799,304.44733592
329.90534159,304.95345774
329.31000046,305.45776152
328.71295308,305.96004425
328.11405738,306.46012180
327.51315938,306.95779162
326.91015679,307.45290925
326.30507009,307.94547781
325.69804014,308.43564943
325.08919157,308.92356018
324.47865263,309.40935406
323.86653755,309.89316040
323.25291517,310.37505351
322.63779885,310.85503821
322.02120202,311.33311954
321.40314263,311.80930857
320.78362948,312.28360476
320.16264022,312.75596667
319.54010184,313.22628510
318.91593994,313.69444687
318.29007933,314.16033531
317.66245062,314.62383912
317.03302260,315.08489651
316.40183544,315.54354274
315.76894205,315.99983154
315.13439260,316.45381451
314.49823701,316.90554402
313.86050383,317.35504366
313.22117410,317.80226954
312.58021484,318.24715691
311.93759426,318.68964122
311.29327820,319.12965306
310.64727180,319.56717927
309.99968511,320.00236319
309.35067749,320.43542497
308.70040201,320.86658056
308.04902569,321.29607109
307.39662838,321.72400947
306.74302174,322.15009830
306.08782217,322.57373394
305.43066354,322.99432466
304.77116515,323.41123759
304.10903489,323.82395705
303.44427926,324.23243545
302.77720383,324.63711358
302.10810709,325.03844045
301.43729835,325.43689899
300.76503140,325.83289257
300.09132495,326.22643174
299.41587633,326.61697374
298.73837286,327.00394057
298.05848224,327.38669827
297.37593544,327.76469834
296.69077461,328.13793978
296.00359965,328.50745894
295.31508092,328.87446741
294.62588472,329.24020219
293.93664774,329.60585970
293.24784886,329.97234196
292.55956893,330.33979796
291.87177913,330.70817051
291.18445331,331.07740805
290.49757445,331.44747640
289.81110890,331.81831082
289.12499177,332.18978950
288.43914565,332.56176826
287.75349092,332.93409969
287.06794852,333.30663791
286.38244676,333.67925088
285.69694741,334.05186830
285.01143059,334.42445356
284.32587863,334.79697418
283.64027307,335.16939613
282.95459190,335.54167886
282.26879052,335.91374011
281.58280746,336.28546628
280.89657867,336.65673862
280.21004030,337.02743824
279.52313215,337.39745218
278.83581949,337.76671420
278.14809435,338.13520744
277.45995511,338.50292680
276.77139693,338.86986108
276.08241642,339.23600175
275.39302553,339.60136916
274.70325630,339.96602178
274.01314578,340.33002808
273.32273216,340.69345916
272.63205160,341.05638268
271.94111051,341.41880995
271.24985788,341.78064268
270.55822140,342.14174118
269.86613192,342.50197069
269.17352278,342.86120008
268.48031511,343.21927315
267.78640202,343.57597735
267.09166532,343.93107483
266.39598693,344.28432393
265.69925173,344.63548411
265.00135566,344.98433158
264.30223620,345.33072082
263.60185163,345.67454492
262.90016612,346.01570618
262.19714451,346.35410568
261.49273707,346.68961116
260.78679431,347.02187429
260.07910532,347.35040181
259.36944840,347.67465705
258.65761818,347.99411384
257.94342901,348.30826134
257.22682918,348.61687063
256.50787728,348.91996012
255.78666747,349.21763664
255.06327312,349.50996428
254.33777080,349.79702031
253.61024481,350.07890794
252.88078585,350.35575495
252.14948692,350.62770417
251.41643613,350.89489503
250.68171879,351.15746842
249.94541751,351.41556667
249.20761164,351.66933169
248.46837738,351.91890494
247.72778944,352.16443192
246.98592121,352.40606298
246.24282246,352.64388263
245.49850147,352.87784903
244.75294191,353.10783810
244.00613161,353.33373307
243.25806069,353.55541751
242.50872915,353.77280296
241.75816505,353.98589371
241.00641435,354.19475975
240.25352245,354.39947372
239.49953358,354.60010990
238.74448101,354.79670502
237.98835202,354.98911917
237.23110127,355.17706997
236.47268187,355.36024917
235.71305182,355.53834118
234.95219301,355.71110821
234.19023264,355.87894824
233.42742188,356.04288061
232.66403556,356.20410920
231.90031444,356.36374368
231.13649742,356.52291881
230.37274759,356.68241573
229.60914331,356.84260829
228.84572658,357.00369221
228.08256022,357.16595859
227.31970503,357.32968095
226.55710318,357.49457983
225.79453324,357.65962587
225.03167414,357.82333064
224.26824208,357.98434491
223.50395443,358.14124794
222.73863721,358.29304970
221.97227882,358.43950678
221.20497948,358.58095008
220.43680886,358.71758114
219.66783537,358.84961936
218.89812178,358.97727164
218.12771404,359.10066527
217.35664694,359.21986910
216.58495514,359.33495941
215.81267207,359.44601268
215.03983037,359.55310914
214.26646386,359.65634727
213.49260727,359.75584510
212.71829359,359.85172058
211.94355381,359.94408952
211.16841795,360.03307326
210.39291632,360.11881035
209.61708006,360.20146423
208.84093871,360.28120236
208.06451896,360.35818193
207.28784763,360.43258001
206.51096163,360.50470069
205.73391288,360.57504633
204.95675439,360.64416817
204.17953524,360.71260427
203.40230303,360.78089181
202.62508226,360.84930935
201.84785713,360.91767749
201.07059468,360.98562012
200.29326821,361.05282656
199.51584908,361.11895282
198.73832770,361.18386495
197.96073016,361.24785906
197.18310378,361.31150103
196.40548943,361.37529006
195.62793347,361.43978702
194.85045215,361.50517722
194.07298416,361.57072619
193.29539978,361.63488090
192.51758939,361.69624031
191.73945522,361.75335248
190.96093044,361.80486778
190.18199627,361.84978220
189.40267968,361.88749031
188.62302252,361.91734999
187.84308444,361.93865578
187.06295273,361.95095002
186.28273297,361.95463616
185.50251159,361.95148828
184.72232834,361.94325552
183.94218712,361.93169961
183.16207269,361.91848781
182.38196942,361.90463063
181.60188310,361.88984996
180.82182287,361.87374708
180.04179883,361.85597781
179.26182378,361.83617165
178.48190981,361.81409225
177.70206149,361.78980240
176.92228084,361.76343122
176.14256921,361.73509262
175.36292700,361.70490537
174.58335745,361.67289454
173.80387639,361.63879754
173.02450673,361.60224073
172.24527408,361.56287014
171.46620843,361.52031983
170.68733776,361.47434307
169.90866291,361.42515708
169.13016438,361.37325872
168.35181959,361.31910442
167.57360052,361.26317344
166.79548261,361.20585113
166.01747472,361.14705585
165.23961764,361.08629636
164.46195324,361.02311738
163.68452929,360.95704337
162.90739454,360.88765335
162.13056786,360.81489260
161.35402537,360.73916107
160.57773911,360.66084757
159.80167605,360.58035279
159.02580266,360.49804947
158.25011301,360.41403276
157.47465420,360.32791055
156.69947946,360.23926723
155.92464668,360.14768178
155.15021712,360.05274794
154.37622630,359.95430045
153.60263255,359.85278056
152.82937773,359.74871165
152.05639853,359.64261524
151.28362813,359.53500904
150.51102100,359.42623661
149.73862177,359.31599744
148.96649987,359.20383181
148.19472753,359.08928526
147.42338137,358.97190231
146.65253260,358.85129666
145.88219432,358.72747157
145.11235483,358.60058294
144.34300032,358.47078624
143.57411547,358.33823606
142.80568525,358.20307499
142.03771478,358.06532592
141.27022154,357.92494210
140.50322413,357.78187403
139.73674143,357.63607352
138.97079312,357.48749109
138.20540469,357.33605095
137.44060693,357.18165546
136.67643219,357.02420509
135.91291404,356.86360093
135.15008716,356.69974464
134.38799391,356.53250939
133.62668596,356.36173459
132.86621841,356.18725528
132.10664884,356.00890721
131.34803670,355.82652926
130.59045374,355.63992219
129.83399188,355.44882065
129.07875181,355.25294605
128.32483775,355.05202696
127.57236585,354.84577358
126.82140214,354.63409376
126.07186871,354.41740510
125.32363693,354.19626412
124.57656880,353.97122405
123.83051594,353.74284080
123.08535093,353.51157763
122.34106802,353.27749105
121.59770776,353.04049077
120.85531666,352.80047179
120.11393902,352.55734040
119.37362027,352.31100350
118.63439267,352.06141124
117.89628236,351.80853399
117.15931466,351.55234583
116.42351607,351.29281892
115.68891317,351.02992665
114.95552464,350.76366536
114.22336551,350.49404204
113.49244673,350.22107403
112.76277985,349.94477667
112.03438827,349.66513599
111.30704196,349.38278689
110.58028578,349.09892319
109.85359193,348.81490016
109.12645470,348.53201294
108.39834021,348.25165178
107.66901316,347.97445899
106.93857933,347.70019634
106.20726279,347.42829655
105.47525749,347.15825689
104.74276468,346.88954227
104.00992221,346.62178300
103.27676075,346.35489835
102.54326538,346.08893277
101.80942509,345.82392034
101.07523125,345.55988899
100.34067112,345.29687837
99.60572642,345.03494430
98.87037546,344.77415294
98.13459745,344.51456882
97.39837045,344.25626087
96.66167776,343.99928404
95.92452269,343.74363664
95.18692035,343.48928259
94.44888727,343.23618109
93.71043825,342.98429575
92.97158920,342.73358624
92.23236281,342.48399158
91.49278698,342.23543423
90.75288929,341.98783667
90.01269815,341.74111779
89.27224136,341.49519732
88.53150476,341.25012087
87.79043776,341.00604539
87.04898034,340.76315841
86.30707631,340.52163890
85.56466186,340.28169314
84.82176754,340.04323723
84.07852072,339.80588234
83.33509132,339.56910013
82.59163545,339.33240100
81.84831863,339.09526553
81.10526254,338.85731435
80.36252922,338.61835747
79.62014675,338.37831279
78.87815329,338.13706841
78.13657013,337.89456549
77.39548774,337.65053631
76.65511932,337.40434936
75.91577214,337.15511148
75.17774614,336.90198637
74.44138905,336.64404748
73.70696057,336.38066623
72.97448014,336.11191530
72.24373900,335.83847099
71.51452736,335.56097489
70.78660898,335.28010347
70.05978850,334.99640380
69.33406281,334.70991471
68.60963555,334.42015826
67.88671942,334.12665059
67.16555691,333.82886100
66.44635411,333.52636808
65.72898460,333.21955468
65.01290642,332.90973880
64.29749039,332.59839806
63.58210999,332.28697557
62.86613575,331.97692018
62.14923626,331.66901081
61.43146679,331.36313416
60.71301644,331.05886082
59.99403278,330.75584981
59.27467235,330.45373443
58.55508110,330.15216928
57.83539183,329.85083814
57.11572973,329.54944214
56.39622147,329.24767901
55.67700006,328.94523280
54.95816384,328.64187226
54.23974631,328.33752143
53.52173445,328.03221485
52.80412188,327.72597091
52.08690049,327.41881194
51.37006527,327.11075285
50.65361793,326.80179273
49.93756713,326.49191467
49.22192411,326.18109606
48.50668767,325.86934297
47.79189069,325.55658350
47.07766481,325.24252201
46.36426330,324.92659214
45.65193872,324.60824113
44.94096263,324.28688971
44.23158377,323.96202742
43.52393569,323.63341186
42.81796675,323.30120442
42.11360200,322.96560927
41.41078146,322.62679217
40.70942445,322.28495593
40.00934703,321.94050722
39.31016339,321.59424784
38.61145131,321.24703818
37.91278070,320.89974509
37.21372699,320.55322362
36.51400330,320.20805721
35.81363685,319.86419661
35.11275817,319.52138148
34.41147848,319.17938743
33.70991037,318.83798547
33.00819109,318.49689436
32.30653079,318.15568189
31.60517376,317.81384648
30.90436334,317.47089173
30.20435337,317.12630578
29.50534790,316.77968708
28.80736207,316.43101926
28.11027387,316.08056055
27.41396696,315.72855215
26.71831863,315.37524410
26.02322286,315.02085013
25.32865723,314.66541837
24.63468425,314.30883080
23.94136631,313.95097125
23.24876823,313.59172042
22.55694986,313.23097042
21.86593577,312.86868215
21.17570026,312.50491275
20.48621451,312.13972426
19.79744953,311.77317821
19.10937650,311.40533487
18.42197115,311.03624534
17.73521866,310.66594247
17.04910610,310.29445526
16.36361836,309.92181638
15.67874226,309.54805453
14.99449809,309.17313704
14.31100129,308.79685871
13.62838560,308.41898426
12.94679094,308.03927104
12.26635702,307.65748169
11.58711837,307.27357027
10.90866124,306.88827911
10.23042427,306.50260093
9.55183997,306.11753396
8.87234492,305.73407596
8.19146413,305.35308454
7.50926916,304.97445059
6.82608845,304.59759871
6.14225657,304.22192981
5.45809914,303.84685419
4.77392265,303.47181339
4.08977812,303.09671423
3.40554095,302.72178411
2.72107253,302.34727631
2.03623954,301.97343552
1.35090976,301.60050630
0.66503736,301.22857588
-0.02133925,300.85757682
-0.70817175,300.48742245
-1.39541442,300.11803019
-2.08302026,299.74931439
-2.77097782,299.38125528
-3.45932566,299.01392654
-4.14811087,298.64741860
-4.83737714,298.28181609
-5.52717572,297.91721902
-6.21747583,297.55357231
-6.90807845,297.19050052
-7.59874613,296.82755251
-8.28924331,296.46428018
-8.97933110,296.10023079
-9.66879725,295.73500530
-10.35752321,295.36838587
-11.04541786,295.00020898
-11.73239205,294.63031739
-12.41835210,294.25854843
-13.10320954,293.88475213
-13.78690992,293.50884359
-14.46941079,293.13076162
-15.15067384,292.75045367
-15.83065607,292.36786037
-16.50932099,291.98293527
-17.18675837,291.59585389
-17.86312784,291.20690959
-18.53860167,290.81641202
-19.21335045,290.42466308
-19.88755399,290.03197647
-20.56121742,289.63836402
-21.23422157,289.24362538
-21.90641631,288.84750987
-22.57765933,288.44978361
-23.24779460,288.05019382
-23.91675924,287.64864718
-24.58458135,287.24520328
-25.25131721,286.83996679
-25.91701594,286.43302888
-26.58174112,286.02450255
-27.24548435,285.61438278
-27.90813602,285.20250159
-28.56954668,284.78863051
-29.22959100,284.37258324
-29.88807233,283.95406755
-30.54504584,283.53318814
-31.20106065,283.11081665
-31.85688890,282.68815564
-32.51327286,282.26635724
-33.17102061,281.84668962
-33.83072102,281.43009703
-34.49230294,281.01649950
-35.15537794,280.60529998
-35.81954403,280.19586547
-36.48440089,279.78755362
-37.14958709,279.37977868
-37.81498400,278.97234763
-38.48061802,278.56530409
-39.14652773,278.15871166
-39.81276161,277.75265068
-40.47935916,277.34718703
-41.14604330,276.94186559
-41.81231346,276.53586413
-42.47761848,276.12828259
-43.14140593,275.71823383
-43.80308225,275.30478682
-44.46242265,274.88762476
-45.11951636,274.46693254
-45.77457998,274.04308655
-46.42781333,273.61642533
-47.07942134,273.18728608
-47.72960273,272.75598853
-48.37854941,272.32283550
-49.02644870,271.88811747
-49.67348759,271.45211993
-50.31987143,271.01515184
-50.96574624,270.57743178
-51.61117776,270.13905833
-52.25618478,269.70006053
-52.90078616,269.26046734
-53.54500887,268.82031937
-54.18886254,268.37963176
-54.83232448,267.93837238
-55.47535008,267.49647735
-56.11789637,267.05388565
-56.75991436,266.61052796
-57.40136798,266.16635413
-58.04225782,265.72136721
-58.68261469,265.27561366
-59.32246865,264.82913854
-59.96185694,264.38199678
-60.60080592,263.93422750
-61.23928721,263.48579156
-61.87722048,263.03657638
-62.51452117,262.58646416
-63.15109665,262.13532689
-63.78685902,261.68304443
-64.42180840,261.22962140
-65.05603827,260.77519246
-65.68966589,260.31992422
-66.32281102,259.86398521
-66.95559917,259.40755092
-67.58806615,258.95067167
-68.22014041,258.49324928
-68.85170535,258.03512388
-69.48264706,257.57614053
-70.11284318,257.11613396
-70.74222348,256.65501182
-71.37078458,256.19277364
-71.99857051,255.72948322
-72.62562842,255.26520791
-73.25196785,254.79996384
-73.87771646,254.33392541
-74.50320624,253.86753969
-75.12891430,253.40144686
-75.75530095,252.93626613
-76.38289343,252.47271349
-77.01203377,252.01126392
-77.64268092,251.55187556
-78.27444177,251.09402029
-78.90691832,250.63715431
-79.53967915,250.18068210
-80.17238468,249.72413334
-80.80494965,249.26738979
-81.43758795,248.81074784
-82.07053142,248.35452887
-82.70405331,247.89911353
-83.33835825,247.44478938
-83.97336590,246.99144803
-84.60859735,246.53842027
-85.24351142,246.08494773
-85.87753162,245.63022623
-86.51011274,245.17350457
-87.14098607,244.71442706
-87.77035428,244.25328806
-88.39856133,243.79056881
-89.02597024,243.32676795
-89.65293746,242.86237026
-90.27963765,242.39761226
-90.90588185,241.93223998
-91.53132305,241.46578896
-92.15560160,240.99778294
-92.77834894,240.52774108
-93.39931518,240.05534899
-94.01852564,239.58065751
-94.63618789,239.10395345
-95.25252398,238.62553614
-95.86772591,238.14566136
-96.48204426,237.66465604
-97.09587904,237.18303377
-97.70974040,236.70144544
-98.32414250,236.22054703
-98.93964535,235.74105799
-99.55667977,235.26354189
-100.17527305,234.78804644
-100.79502000,234.31405602
-101.41545766,233.84097019
-102.03612350,233.36818369
-102.65660280,232.89515251
-103.27665939,232.42156728
-103.89632601,231.94747194
-104.51569171,231.47298356
-105.13483764,230.99820843
-105.75383671,230.52324186
-106.37275037,230.04816399
-106.99160460,229.57300872
-107.61041486,229.09779617
-108.22920030,228.62255131
-108.84797957,228.14729843
-109.46675011,227.67203417
-110.08546023,227.19669126
-110.70403994,226.72117865
-111.32241801,226.24540384
-111.94052573,225.76927786
-112.55829426,225.29271185
-113.17565828,224.81562193
-113.79255604,224.33792926
-114.40892412,223.85955334
-115.02469599,223.38041018
-115.63982211,222.90043831
-116.25432681,222.41967109
-116.86828137,221.93820153
-117.48176637,221.45613383
-118.09485871,220.97356685
-118.70763054,220.49059294
-119.32011256,220.00725156
-119.93229980,219.52353688
-120.54417923,219.03943289
-121.15574064,218.55492722
-121.76697487,218.07000884
-122.37789027,217.58468886
-122.98851576,217.09900418
-123.59888574,216.61299843
-124.20903401,216.12671436
-124.81899360,215.64019365
-125.42878159,215.15345788
-126.03838940,214.66649647
-126.64779913,214.17928719
-127.25699568,213.69181138
-127.86596437,213.20405095
-128.47466841,212.71596029
-129.08302480,212.22743636
-129.69092866,211.73834942
-130.29827870,211.24857493
-130.90498153,210.75799889
-131.51086494,210.26641115
-132.11550319,209.77329237
-132.71835609,209.27799259
-133.31886128,208.77984814
-133.91642920,208.27818413
-134.51065689,207.77256836
-135.10226389,207.26388869
-135.69261516,206.75375283
-136.28320623,206.24389440
-136.87547292,205.73598281
-137.47076725,205.23162341
-138.06921486,204.73100919
-138.67010740,204.23333248
-139.27252147,203.73749932
-139.87565353,203.24253993
-140.47866918,202.74743864
-141.08107136,202.25159115
-141.68266462,201.75476245
-142.28335794,201.25684605
-142.88302235,200.75769087
-143.48152654,200.25714523
-144.07886006,199.75520306
-144.67514878,199.25202020
-145.27058072,198.74782383
-145.86532860,198.24282079
-146.45958028,197.73723391
-147.05343767,197.23118400
-147.64686331,196.72462785
-148.23974981,196.21744078
-148.83200541,195.70951704
-149.42350925,195.20071819
-150.01427001,194.69105662
-150.60459360,194.18088884
-151.19495922,193.67076971
-151.78583255,193.16123857
-152.37769861,192.65286103
-152.97095295,192.14610400
-153.56565423,191.64104590
-154.16164795,191.13751358
-154.75875836,190.63530606
-155.35683293,190.13424717
-155.95570550,189.63414239
-156.55516548,189.13474189
-157.15496515,188.63574945
-157.75485709,188.13686793
-158.35458708,187.63779174
-158.95390264,187.13821794
-159.55276813,186.63810473
-160.15133366,186.13763253
-160.74980783,185.63705111
-161.34838167,185.13658886
-161.94726221,184.63649365
-162.54652736,184.13685941
-163.14612559,183.63762492
-163.74594670,183.13865825
-164.34589374,182.63984301
-164.94586941,182.14106221
-165.54576961,181.64219063
-166.14548136,181.14309252
-166.74488726,180.64362713
-167.34387318,180.14365812
-167.94231153,179.64303385
-168.54012024,179.14165785
-169.13729074,178.63952186
-169.73386502,178.13667769
-170.32988098,177.63317188
-170.92538005,177.12905483
-171.52039280,176.62436389
-172.11492456,176.11910642
-172.70896024,175.61326579
-173.30248459,175.10682530
-173.89548189,174.59976777
-174.48793840,174.09207848
-175.07984745,173.58375102
-175.67120841,173.07478604
-176.26202344,172.56518744
-176.85229061,172.05495436
-177.44201208,171.54409066
-178.03121877,171.03263333
-178.61997268,170.52065486
-179.20833900,170.00823103
-179.79638720,169.49544216
-180.38418639,168.98236789
-180.97174548,168.46901867
-181.55900003,167.95532109
-182.14586715,167.44118092
-182.73226116,166.92650122
-183.31808233,166.41116960
-183.90335373,165.89521369
-184.48826016,165.37884407
-185.07306669,164.86236133
-185.65803271,164.34605923
-186.24342466,163.83024007
-186.82946232,163.31515462
-187.41629530,162.80097544
-188.00402370,162.28781998
-188.59274559,161.77580456
-189.18257260,161.26506260
-189.77358191,160.75568920
-190.36579237,160.24771278
-190.95917380,159.74110471
-191.55368642,159.23582457
-192.14931699,158.73186281
-192.74600493,158.22915344
-193.34357342,157.72749112
-193.94172949,157.22652961
-194.54018031,156.72592026
-195.13860471,156.22527932
-195.73673236,155.72428390
-196.33445823,155.22280919
-196.93188344,154.72097631
-197.52914228,154.21894546
-198.12637763,153.71688667
-198.72371328,153.21494721
-199.32119397,152.71318042
-199.91874405,152.21149625
-200.51625364,151.70976386
-201.11361428,151.20785415
-201.71072231,150.70564392
-202.30747570,150.20301234
-202.90378177,149.69985014
-203.49955000,149.19605123
-204.09469047,148.69151086
-204.68911385,148.18612585
-205.28271894,147.67977991
-205.87537769,147.17232664
-206.46695410,146.66361197
-207.05730742,146.15347840
-207.64628042,145.64175174
-208.23378293,145.12833758
-208.81986433,144.61330172
-209.40468318,144.09683276
-209.98841742,143.57913828
-210.57120748,143.06038120
-211.15326194,142.54079894
-211.73496585,142.02082423
-212.31685487,141.50105673
-212.89948182,140.98211635
-213.48344281,140.46467738
-214.06922054,139.94929625
-214.65695764,139.43615031
-215.24639755,138.92496153
-215.83719209,138.41533906
-216.42900473,137.90689929
-217.02153510,137.39929617
-217.61458901,136.89230487
-218.20815298,136.38591081
-218.80225436,135.88014734
-219.39694134,135.37507255
-219.99223422,134.87071205
-220.58800848,134.36692030
-221.18385114,133.86320943
-221.77926249,133.35898872
-222.37369988,132.85362005
-222.96664410,132.34650015
-223.55779678,131.83729309
-224.14742130,131.32631727
-224.73603511,130.81417767
-225.32421934,130.30154482
-225.91252389,129.78905005
-226.50131808,129.27711800
-227.09037921,128.76549296
-227.67913154,128.25351267
-228.26691590,127.74042125
-228.85311517,127.22551922
-229.43717630,126.70819329
-230.01888132,126.18821920
-230.59828123,125.66567782
-231.17550392,125.14073249
-231.75063391,124.61349532
-232.32376097,124.08408152
-232.89493705,123.55256350
-233.46416889,123.01896379
-234.03145012,122.48329083
-234.59678139,121.94556034
-235.16016235,121.40578684
-235.72157916,120.86397073
-236.28100735,120.32010160
-236.83842543,119.77417246
-237.39378480,119.22614910
-237.94705935,118.67602126
-238.49844331,118.12399841
-239.04849573,117.57064906
-239.59794825,117.01670409
-240.14754427,116.46290135
-240.69799810,115.90995141
-241.24977739,115.35832385
-241.80276518,114.80790796
-242.35652382,114.25826759
-242.91060723,113.70895467
-243.46461221,113.15956266
-244.01820428,112.60975457
-244.57136712,112.05951465
-245.12428176,111.50902531
-245.67715899,110.95849842
-246.23017996,110.40811590
-246.78350507,109.85803916
-247.33711694,109.30825103
-247.89086848,108.75860356
-248.44457769,108.20891346
-248.99808312,107.65901815
-249.55123087,107.10876306
-250.10399476,106.55812235
-250.65646405,106.00718607
-251.20877165,105.45608770
-251.76102956,104.90493954
-252.31335306,104.35385710
-252.86580201,103.80290043
-253.41837339,103.25206655
-253.97103425,102.70132244
-254.52376298,102.15064645
-255.07653554,101.60001446
-255.62933997,101.04941446
-256.18218279,100.49885301
-256.73508045,99.94834663
-257.28804793,99.39791039
-257.84110175,98.84756089
-258.39423175,98.29728795
-258.94737933,97.74703269
-259.50045199,97.19670214
-260.05336106,96.64620721
-260.60601522,96.09545638
-261.15835536,95.54439061
-261.71040634,94.99303518
-262.26226122,94.44148347
-262.81401149,93.88982711
-263.36574600,93.33815499
-263.91754161,92.78654399
-264.46941376,92.23500956
-265.02132245,91.68351169
-265.57322206,91.13200474
-266.12507602,90.58045211
-266.67683698,90.02880646
-267.22841564,89.47697850
-267.77967847,88.92483504
-268.33048108,88.37223246
-268.88068170,87.81903049
-269.43014082,87.26509201
-269.97881761,86.71037864
-270.52678682,86.15496627
-271.07416956,85.59897594
-271.62106891,85.04251011
-272.16759739,84.48568004
-272.71379156,83.92852203
-273.25958436,83.37097084
-273.80485080,82.81290486
-274.34948378,82.25422063
-274.89336741,81.69480687
-275.43641900,81.13458536
-275.97861187,80.57353272
-276.51996004,80.01166501
-277.06046896,79.44898990
-277.60014261,78.88551363
-278.13899947,78.32125620
-278.67708549,77.75626365
-279.21447248,77.19060618
-279.75122421,76.62434591
-280.28743110,76.05756967
-280.82309200,75.49027737
-281.35795861,74.92223607
-281.89150764,74.35295691
-282.42322750,73.78196857
-282.95257839,73.20878339
-283.47908968,72.63298842
-284.00262103,72.05448288
-284.52345990,71.47355195
-285.04193422,70.89051005
-285.55835872,70.30565174
-286.07304770,69.71926571
-286.58617202,69.13150997
-287.09769936,68.54236391
-287.60754881,67.95176512
-288.11565794,67.35966842
-288.62195687,66.76602308
-289.12637027,66.17077475
-289.62881042,65.57385988
-290.12918664,64.97521379
-290.62740654,64.37477190
-291.12337090,63.77246555
-291.61704061,63.16827709
-292.10849140,62.56228230
-292.59786323,61.95460750
-293.08528527,61.34536769
-293.57090593,60.73469108
-294.05479470,60.12264115
-294.53684304,59.50914074
-295.01680676,58.89400796
-295.49446352,58.27708193
-295.96953253,57.65816101
-296.44190656,57.03718098
-296.91193348,56.41442236
-297.38043520,55.79051586
-297.84821453,55.16606763
-298.31611180,54.54170767
-298.78487706,53.91799923
-299.25496250,53.29528505
-299.72642861,52.67361553
-300.19930880,52.05302098
-300.67365919,51.43354944
-301.14951351,50.81523242
-301.62681076,50.19802858
-302.10533756,49.58177756
-302.58486625,48.96630589
-303.06515874,48.35143007
-303.54599206,47.73697712
-304.02726229,47.12286630
-304.50910247,46.50920258
-304.99170263,45.89613631
-305.47525367,45.28381974
-305.95994312,44.67240387
-306.44588531,44.06198321
-306.93302195,43.45251531
-307.42122563,42.84390184
-307.91037123,42.23604515
-308.40033583,41.62884846
-308.89101100,41.02222582
-309.38233087,40.41612524
-309.87425573,39.81051558
-310.36674613,39.20536574
-310.85975880,38.60064132
-311.35326048,37.99631591
-311.84724989,37.39238910
-312.34174907,36.78887963
-312.83678066,36.18580680
-313.33237550,35.58319674
-313.82854129,34.98105671
-314.32519314,34.37931752
-314.82214906,33.77782943
-315.31921943,33.17643594
-315.81619887,32.57496728
-316.31291610,31.97328208
-316.80936634,31.37137655
-317.30578281,30.76944318
-317.80243762,30.16770643
-318.29961872,29.56640441
-318.79758261,28.96575054
-319.29640519,28.36580955
-319.79581498,27.76635732
-320.29545550,27.16709741
-320.79495551,26.56772034
-321.29396603,25.96793571
-321.79227923,25.36757159
-322.29006196,24.76676756
-322.78760491,24.16576498
-323.28522570,23.56482682
-323.78322521,22.96420248
-324.28175822,22.36402092
-324.78047731,21.76399389
-325.27880264,21.16363984
-325.77610916,20.56244148
-326.27178996,19.95990180
-326.76533598,19.35561243
-327.25672252,18.74956557
-327.74623333,18.14200277
-328.23422264,17.53321735
-328.72101724,16.92347628
-329.20690083,16.31300894
-329.69183355,15.70178603
-330.17550187,15.08956204
-330.65751580,14.47603457
-331.13750541,13.86092188
-331.61511934,13.24396292
-332.09022338,12.62506889
-332.56292984,12.00434177
-333.03343505,11.38194454
-333.50192169,10.75802658
-333.96856147,10.13272601
-334.43336164,9.50605691
-334.89607958,8.87784864
-335.35637404,8.24786241
-335.81390032,7.61586268
-336.26832358,6.98162837
-336.71952415,6.34509712
-337.16782660,5.70652175
-337.61376936,5.06629637
-338.05790004,4.42481281
-338.50075942,3.78245085
-338.94266175,3.13943019
-339.38324498,2.49550548
-339.82197131,1.85031171
-340.25764685,1.20305788
-340.69025664,0.55374781
